driver_id,vehicle_type,city,driver_signup_date,status
D0001,Car,Colombo,2024-02-07,Active
D0002,Car,Colombo,2024-12-01,Active
D0003,Car,Colombo,2024-05-02,Inactive
D0004,Car,Galle,2025-01-22,Active
D0005,Car,Colombo,2024-08-22,Active
D0006,Car,Galle,2024-05-07,Active
D0007,Car,Kandy,2024-07-19,Inactive
D0008,Tuk,Galle,2025-04-07,Active
D0009,Car,Kandy,2025-01-25,Active
D0010,Car,Kandy,2024-05-26,Active
D0011,Van,Colombo,2025-07-18,Active
D0012,Car,Galle,2025-06-21,Inactive
D0013,Car,Jaffna,2024-12-24,Active
D0014,Car,Negombo,2024-11-25,Active
D0015,Tuk,Colombo,2025-02-04,Active
D0016,Car,Kandy,2025-03-03,Active
D0017,Car,Matara,2024-03-03,Active
D0018,Tuk,Kandy,2025-02-23,Active
D0019,Car,Colombo,2024-03-27,Active
D0020,Tuk,Negombo,2024-02-12,Inactive
D0021,Car,Colombo,2024-10-24,Inactive
D0022,Car,Colombo,2024-06-16,Active
D0023,Car,Colombo,2025-07-12,Active
D0024,Tuk,Colombo,2024-10-17,Active
D0025,Bike,Colombo,2025-03-14,Active
D0026,Car,Colombo,2025-04-21,Active
D0027,Car,Kandy,2024-11-29,Active
D0028,Car,Negombo,2024-02-28,Active
D0029,Car,Galle,2025-04-20,Active
D0030,Car,Jaffna,2024-03-12,Inactive
D0031,Bike,Colombo,2024-10-05,Active
D0032,Car,Colombo,2024-08-28,Active
D0033,Tuk,Kandy,2024-08-21,Active
D0034,Bike,Galle,2024-08-01,Active
D0035,Car,Kandy,2025-02-17,Active
D0036,Tuk,Colombo,2024-07-25,Active
D0037,Tuk,Colombo,2024-12-17,Active
D0038,Car,Colombo,2024-05-27,Inactive
D0039,Car,Colombo,2024-12-01,Active
D0040,Car,Negombo,2024-06-23,Active
D0041,Car,Kandy,2025-07-14,Active
D0042,Tuk,Galle,2024-06-29,Active
D0043,Tuk,Colombo,2025-06-17,Active
D0044,Tuk,Kandy,2025-02-23,Active
D0045,Car,Negombo,2024-03-02,Active
D0046,Bike,Colombo,2024-10-19,Inactive
D0047,Car,Colombo,2024-05-26,Active
D0048,Car,Colombo,2024-02-10,Active
D0049,Tuk,Colombo,2024-12-02,Inactive
D0050,Van,Kandy,2024-10-14,Active
D0051,Car,Colombo,2024-04-26,Active
D0052,Tuk,Galle,2024-02-18,Active
D0053,Tuk,Colombo,2024-12-01,Active
D0054,Tuk,Colombo,2024-05-08,Active
D0055,Car,Matara,2024-06-03,Active
D0056,Car,Colombo,2024-09-15,Active
D0057,Tuk,Kandy,2024-03-02,Active
D0058,Tuk,Colombo,2024-12-22,Active
D0059,Car,Negombo,2024-05-31,Active
D0060,Tuk,Negombo,2024-07-22,Active
D0061,Tuk,Colombo,2024-03-07,Active
D0062,Car,Colombo,2024-12-03,Active
D0063,Tuk,Galle,2024-08-08,Active
D0064,Tuk,Colombo,2024-03-24,Active
D0065,Tuk,Galle,2025-07-07,Active
D0066,Car,Negombo,2024-06-14,Inactive
D0067,Bike,Kandy,2025-02-02,Active
D0068,Van,Negombo,2024-08-12,Active
D0069,Car,Colombo,2025-07-14,Active
D0070,Bike,Negombo,2024-08-07,Active
D0071,Tuk,Colombo,2024-08-04,Inactive
D0072,Car,Colombo,2024-08-13,Active
D0073,Bike,Negombo,2024-04-26,Active
D0074,Van,Kandy,2025-03-02,Active
D0075,Car,Jaffna,2025-06-19,Active
D0076,Car,Jaffna,2024-04-04,Inactive
D0077,Bike,Kandy,2024-03-06,Active
D0078,Tuk,Colombo,2025-06-09,Active
D0079,Car,Galle,2024-06-24,Active
D0080,Van,Colombo,2025-01-08,Active
D0081,Car,Colombo,2025-01-29,Active
D0082,Tuk,Kandy,2024-06-04,Active
D0083,Car,Negombo,2025-06-14,Active
D0084,Tuk,Galle,2024-05-27,Active
D0085,Car,Colombo,2025-01-24,Active
D0086,Car,Jaffna,2025-03-02,Active
D0087,Car,Matara,2025-06-20,Active
D0088,Tuk,Colombo,2024-06-17,Active
D0089,Tuk,Colombo,2025-02-01,Active
D0090,Tuk,Colombo,2024-10-23,Active
D0091,Tuk,Colombo,2024-06-22,Inactive
D0092,Car,Colombo,2024-04-30,Active
D0093,Van,Colombo,2025-05-07,Active
D0094,Car,Galle,2024-09-26,Inactive
D0095,Car,Kandy,2025-06-26,Active
D0096,Tuk,Matara,2024-07-26,Active
D0097,Car,Colombo,2024-07-20,Active
D0098,Car,Colombo,2024-03-25,Active
D0099,Bike,Colombo,2024-09-17,Active
D0100,Car,Negombo,2024-10-07,Inactive
D0101,Tuk,Colombo,2024-12-30,Active
D0102,Bike,Colombo,2025-04-15,Active
D0103,Van,Galle,2024-03-09,Active
D0104,Car,Colombo,2024-12-31,Active
D0105,Car,Galle,2024-05-11,Active
D0106,Tuk,Colombo,2024-04-11,Active
D0107,Car,Jaffna,2024-06-22,Active
D0108,Tuk,Kandy,2025-06-10,Active
D0109,Tuk,Colombo,2024-10-26,Active
D0110,Tuk,Colombo,2024-02-10,Active
D0111,Tuk,Colombo,2025-03-23,Active
D0112,Bike,Jaffna,2024-06-21,Active
D0113,Car,Kandy,2025-03-09,Active
D0114,Tuk,Galle,2025-03-19,Active
D0115,Car,Colombo,2024-05-22,Active
D0116,Car,Galle,2024-07-23,Active
D0117,Car,Colombo,2025-03-22,Active
D0118,Tuk,Colombo,2024-02-10,Active
D0119,Van,Colombo,2025-01-30,Inactive
D0120,Tuk,Galle,2025-02-12,Active
D0121,Car,Kandy,2024-12-25,Active
D0122,Tuk,Colombo,2024-11-06,Inactive
D0123,Car,Negombo,2024-08-11,Active
D0124,Tuk,Colombo,2025-06-20,Inactive
D0125,Bike,Kandy,2024-04-21,Active
D0126,Car,Matara,2024-05-07,Active
D0127,Car,Kandy,2025-04-30,Active
D0128,Car,Jaffna,2024-12-12,Inactive
D0129,Car,Colombo,2024-08-24,Active
D0130,Tuk,Colombo,2024-09-11,Active
D0131,Car,Jaffna,2024-08-21,Active
D0132,Car,Matara,2024-09-11,Active
D0133,Tuk,Colombo,2025-04-07,Active
D0134,Bike,Kandy,2024-09-23,Active
D0135,Tuk,Colombo,2024-06-02,Active
D0136,Car,Matara,2024-03-07,Active
D0137,Car,Negombo,2024-06-11,Inactive
D0138,Car,Colombo,2025-02-15,Active
D0139,Car,Galle,2024-06-16,Active
D0140,Van,Kandy,2024-03-09,Active
D0141,Car,Colombo,2024-07-19,Active
D0142,Car,Colombo,2024-08-26,Active
D0143,Car,Colombo,2025-05-22,Active
D0144,Bike,Negombo,2024-04-17,Active
D0145,Car,Colombo,2024-05-02,Active
D0146,Tuk,Negombo,2024-12-23,Active
D0147,Tuk,Matara,2024-10-31,Active
D0148,Van,Colombo,2024-04-17,Active
D0149,Car,Galle,2024-06-18,Active
D0150,Car,Kandy,2024-10-20,Active
D0151,Tuk,Matara,2024-09-01,Active
D0152,Tuk,Jaffna,2025-06-01,Active
D0153,Tuk,Galle,2025-07-30,Active
D0154,Tuk,Negombo,2024-09-05,Active
D0155,Tuk,Colombo,2025-01-31,Active
D0156,Van,Colombo,2024-04-09,Active
D0157,Van,Jaffna,2024-09-20,Active
D0158,Car,Colombo,2025-02-19,Inactive
D0159,Car,Negombo,2024-09-24,Active
D0160,Tuk,Galle,2024-07-05,Inactive
D0161,Car,Colombo,2024-02-14,Inactive
D0162,Car,Colombo,2024-03-10,Active
D0163,Tuk,Colombo,2024-12-11,Inactive
D0164,Van,Colombo,2024-02-14,Active
D0165,Car,Colombo,2024-07-25,Active
D0166,Bike,Jaffna,2024-09-14,Active
D0167,Car,Kandy,2024-07-06,Active
D0168,Tuk,Colombo,2025-07-05,Active
D0169,Car,Colombo,2024-09-25,Inactive
D0170,Car,Colombo,2024-03-11,Active
D0171,Bike,Matara,2024-11-26,Active
D0172,Van,Colombo,2024-10-03,Inactive
D0173,Car,Colombo,2024-06-04,Active
D0174,Tuk,Galle,2025-06-08,Active
D0175,Tuk,Kandy,2024-11-26,Active
D0176,Car,Colombo,2024-03-14,Active
D0177,Car,Matara,2024-10-24,Active
D0178,Tuk,Kandy,2024-05-20,Active
D0179,Car,Colombo,2024-09-15,Active
D0180,Car,Jaffna,2024-07-25,Active
D0181,Van,Colombo,2024-05-17,Active
D0182,Car,Colombo,2025-01-05,Active
D0183,Car,Jaffna,2024-06-02,Active
D0184,Bike,Matara,2024-08-07,Active
D0185,Car,Colombo,2025-07-14,Active
D0186,Tuk,Colombo,2025-07-30,Active
D0187,Car,Kandy,2025-04-01,Active
D0188,Van,Matara,2025-01-13,Active
D0189,Car,Galle,2024-05-07,Active
D0190,Car,Kandy,2024-05-18,Active
D0191,Car,Colombo,2025-06-24,Active
D0192,Tuk,Kandy,2024-12-24,Inactive
D0193,Bike,Negombo,2024-11-19,Inactive
D0194,Car,Colombo,2024-12-29,Active
D0195,Car,Colombo,2025-04-21,Active
D0196,Car,Colombo,2025-07-20,Active
D0197,Van,Colombo,2024-12-14,Active
D0198,Car,Colombo,2024-03-15,Active
D0199,Tuk,Colombo,2024-11-07,Active
D0200,Tuk,Colombo,2024-07-11,Active
D0201,Bike,Jaffna,2024-09-29,Active
D0202,Tuk,Colombo,2024-07-07,Active
D0203,Car,Matara,2025-03-18,Active
D0204,Tuk,Galle,2024-09-11,Active
D0205,Car,Colombo,2025-01-04,Active
D0206,Tuk,Colombo,2024-11-13,Active
D0207,Car,Galle,2025-02-22,Active
D0208,Car,Colombo,2025-01-25,Active
D0209,Car,Negombo,2025-03-30,Active
D0210,Van,Colombo,2024-10-27,Active
D0211,Tuk,Colombo,2024-05-03,Inactive
D0212,Car,Colombo,2024-11-24,Active
D0213,Car,Kandy,2025-01-24,Active
D0214,Car,Jaffna,2024-12-06,Active
D0215,Car,Colombo,2024-12-16,Active
D0216,Tuk,Kandy,2024-12-15,Active
D0217,Tuk,Colombo,2024-11-30,Active
D0218,Bike,Kandy,2024-09-22,Active
D0219,Van,Colombo,2025-03-21,Inactive
D0220,Car,Kandy,2024-03-23,Active
D0221,Bike,Kandy,2025-01-28,Inactive
D0222,Tuk,Colombo,2025-06-30,Active
D0223,Tuk,Galle,2025-06-18,Active
D0224,Van,Kandy,2024-04-08,Active
D0225,Van,Kandy,2025-06-02,Active
D0226,Bike,Kandy,2024-09-04,Active
D0227,Car,Galle,2024-06-19,Inactive
D0228,Car,Kandy,2025-02-20,Active
D0229,Van,Negombo,2025-05-26,Inactive
D0230,Car,Matara,2024-02-04,Active
D0231,Tuk,Galle,2025-06-25,Active
D0232,Tuk,Negombo,2024-06-23,Inactive
D0233,Tuk,Negombo,2024-03-01,Inactive
D0234,Car,Colombo,2024-10-16,Inactive
D0235,Car,Matara,2024-04-27,Active
D0236,Bike,Colombo,2024-10-02,Inactive
D0237,Tuk,Colombo,2024-08-26,Active
D0238,Tuk,Matara,2025-04-15,Active
D0239,Tuk,Colombo,2024-10-30,Active
D0240,Car,Kandy,2025-05-26,Active
D0241,Car,Matara,2024-07-28,Active
D0242,Tuk,Colombo,2025-03-28,Active
D0243,Car,Colombo,2025-05-22,Active
D0244,Car,Kandy,2025-02-23,Active
D0245,Van,Galle,2024-10-13,Active
D0246,Tuk,Jaffna,2024-10-05,Active
D0247,Van,Negombo,2025-02-26,Active
D0248,Car,Colombo,2025-02-18,Inactive
D0249,Tuk,Colombo,2025-05-22,Active
D0250,Car,Galle,2025-07-20,Active
D0251,Car,Galle,2025-07-20,Active
D0252,Van,Colombo,2025-01-14,Inactive
D0253,Car,Colombo,2024-08-19,Active
D0254,Car,Colombo,2024-09-20,Inactive
D0255,Bike,Negombo,2025-04-11,Active
D0256,Bike,Negombo,2024-12-30,Active
D0257,Van,Colombo,2025-01-03,Inactive
D0258,Car,Colombo,2024-09-19,Active
D0259,Car,Colombo,2024-09-23,Active
D0260,Car,Matara,2025-02-05,Active
D0261,Tuk,Matara,2024-07-08,Inactive
D0262,Car,Kandy,2025-07-25,Active
D0263,Car,Colombo,2024-08-22,Inactive
D0264,Tuk,Colombo,2024-05-01,Active
D0265,Tuk,Colombo,2024-12-13,Active
D0266,Car,Matara,2024-07-21,Active
D0267,Van,Colombo,2025-04-14,Active
D0268,Car,Jaffna,2024-11-22,Active
D0269,Bike,Colombo,2025-01-12,Active
D0270,Van,Kandy,2025-01-30,Active
D0271,Tuk,Galle,2024-07-31,Active
D0272,Car,Galle,2025-06-24,Active
D0273,Car,Galle,2025-06-05,Active
D0274,Bike,Jaffna,2024-11-28,Inactive
D0275,Car,Colombo,2025-07-21,Inactive
D0276,Tuk,Colombo,2024-12-24,Active
D0277,Tuk,Jaffna,2024-04-19,Active
D0278,Car,Colombo,2024-09-12,Active
D0279,Van,Kandy,2024-08-08,Active
D0280,Bike,Negombo,2025-05-25,Active
D0281,Car,Negombo,2024-02-25,Inactive
D0282,Car,Jaffna,2024-03-10,Inactive
D0283,Car,Colombo,2024-02-20,Active
D0284,Bike,Negombo,2025-01-05,Inactive
D0285,Car,Negombo,2024-04-14,Active
D0286,Van,Galle,2025-07-04,Active
D0287,Car,Colombo,2025-04-22,Active
D0288,Car,Colombo,2025-05-25,Active
D0289,Tuk,Galle,2025-05-03,Active
D0290,Car,Jaffna,2024-05-31,Inactive
D0291,Bike,Colombo,2025-04-25,Active
D0292,Car,Colombo,2025-02-03,Active
D0293,Van,Galle,2025-02-04,Active
D0294,Bike,Galle,2025-05-24,Inactive
D0295,Bike,Kandy,2024-04-19,Inactive
D0296,Car,Colombo,2024-11-04,Active
D0297,Tuk,Kandy,2024-05-04,Inactive
D0298,Tuk,Colombo,2025-02-04,Active
D0299,Van,Colombo,2025-07-16,Active
D0300,Car,Kandy,2025-06-09,Active
D0301,Car,Colombo,2025-05-27,Active
D0302,Van,Galle,2024-12-21,Active
D0303,Car,Galle,2024-05-14,Active
D0304,Car,Galle,2024-10-30,Active
D0305,Tuk,Negombo,2024-12-05,Active
D0306,Van,Colombo,2025-02-23,Inactive
D0307,Car,Colombo,2024-11-05,Active
D0308,Van,Colombo,2024-10-18,Active
D0309,Car,Jaffna,2025-07-06,Inactive
D0310,Bike,Kandy,2025-04-09,Inactive
D0311,Car,Colombo,2024-12-08,Active
D0312,Car,Colombo,2025-05-06,Active
D0313,Bike,Negombo,2025-02-22,Active
D0314,Tuk,Galle,2024-08-20,Active
D0315,Car,Kandy,2025-07-17,Active
D0316,Car,Matara,2025-03-10,Active
D0317,Tuk,Jaffna,2024-04-27,Active
D0318,Car,Colombo,2024-02-24,Active
D0319,Car,Kandy,2024-09-24,Active
D0320,Tuk,Colombo,2025-02-26,Active
D0321,Car,Jaffna,2024-06-10,Active
D0322,Tuk,Colombo,2025-03-01,Inactive
D0323,Bike,Colombo,2025-05-11,Inactive
D0324,Tuk,Kandy,2025-07-27,Active
D0325,Tuk,Matara,2024-03-02,Active
D0326,Tuk,Negombo,2024-06-14,Active
D0327,Car,Kandy,2025-07-20,Active
D0328,Van,Kandy,2024-04-24,Active
D0329,Tuk,Jaffna,2024-05-03,Active
D0330,Car,Galle,2024-04-18,Active
D0331,Car,Negombo,2024-09-24,Active
D0332,Tuk,Negombo,2025-06-04,Active
D0333,Tuk,Jaffna,2025-04-11,Active
D0334,Car,Colombo,2025-04-06,Active
D0335,Car,Colombo,2024-05-02,Active
D0336,Tuk,Colombo,2025-04-24,Active
D0337,Car,Galle,2024-07-06,Active
D0338,Tuk,Colombo,2025-04-24,Active
D0339,Car,Colombo,2024-06-20,Active
D0340,Car,Colombo,2024-09-20,Active
D0341,Car,Matara,2024-03-15,Active
D0342,Tuk,Colombo,2024-09-25,Active
D0343,Car,Colombo,2025-05-16,Active
D0344,Tuk,Colombo,2025-01-15,Active
D0345,Tuk,Colombo,2024-08-18,Active
D0346,Tuk,Negombo,2025-01-12,Active
D0347,Van,Matara,2024-04-04,Active
D0348,Bike,Kandy,2025-02-24,Active
D0349,Tuk,Kandy,2024-03-07,Active
D0350,Tuk,Jaffna,2024-11-10,Active
D0351,Car,Colombo,2024-09-20,Active
D0352,Van,Colombo,2025-02-09,Active
D0353,Bike,Kandy,2025-03-19,Active
D0354,Tuk,Negombo,2024-09-02,Active
D0355,Car,Galle,2024-11-05,Active
D0356,Tuk,Colombo,2024-09-10,Active
D0357,Car,Negombo,2024-05-22,Inactive
D0358,Car,Galle,2024-08-17,Inactive
D0359,Tuk,Jaffna,2025-02-20,Inactive
D0360,Van,Colombo,2025-04-30,Inactive
D0361,Car,Colombo,2025-04-29,Inactive
D0362,Car,Colombo,2024-05-19,Inactive
D0363,Car,Negombo,2024-02-07,Active
D0364,Van,Colombo,2024-06-25,Active
D0365,Tuk,Kandy,2024-06-18,Active
D0366,Tuk,Colombo,2025-04-18,Active
D0367,Tuk,Colombo,2024-07-17,Active
D0368,Tuk,Colombo,2024-04-07,Inactive
D0369,Car,Colombo,2025-03-23,Inactive
D0370,Car,Colombo,2025-04-16,Active
D0371,Tuk,Colombo,2025-02-16,Active
D0372,Tuk,Colombo,2024-06-09,Active
D0373,Car,Colombo,2024-08-17,Active
D0374,Tuk,Galle,2025-06-12,Active
D0375,Car,Colombo,2025-06-18,Inactive
D0376,Tuk,Colombo,2024-07-03,Inactive
D0377,Car,Kandy,2024-03-01,Active
D0378,Tuk,Colombo,2024-04-02,Active
D0379,Car,Negombo,2024-05-06,Active
D0380,Car,Colombo,2024-05-26,Active
D0381,Tuk,Matara,2024-06-05,Active
D0382,Tuk,Colombo,2024-10-16,Inactive
D0383,Car,Colombo,2024-02-15,Active
D0384,Car,Kandy,2024-08-14,Active
D0385,Van,Colombo,2024-08-05,Inactive
D0386,Car,Kandy,2024-03-08,Active
D0387,Tuk,Colombo,2024-04-17,Active
D0388,Van,Colombo,2024-10-09,Active
D0389,Car,Jaffna,2024-02-22,Active
D0390,Car,Colombo,2024-10-06,Active
D0391,Car,Colombo,2025-04-16,Active
D0392,Car,Colombo,2025-04-11,Active
D0393,Tuk,Galle,2024-07-17,Inactive
D0394,Tuk,Colombo,2024-12-01,Active
D0395,Tuk,Kandy,2025-01-16,Active
D0396,Van,Colombo,2024-06-09,Active
D0397,Tuk,Matara,2025-01-16,Active
D0398,Tuk,Galle,2024-09-25,Inactive
D0399,Car,Colombo,2025-02-10,Inactive
D0400,Car,Kandy,2024-09-22,Active
D0401,Car,Jaffna,2024-04-06,Active
D0402,Tuk,Kandy,2024-02-08,Active
D0403,Van,Colombo,2024-08-24,Inactive
D0404,Bike,Colombo,2025-06-24,Active
D0405,Car,Colombo,2024-07-08,Active
D0406,Car,Colombo,2025-02-23,Active
D0407,Car,Galle,2024-09-09,Active
D0408,Car,Kandy,2024-08-30,Active
D0409,Car,Colombo,2024-05-20,Inactive
D0410,Car,Kandy,2025-06-25,Active
D0411,Car,Colombo,2024-06-29,Active
D0412,Car,Colombo,2024-03-31,Active
D0413,Car,Galle,2024-10-03,Inactive
D0414,Tuk,Jaffna,2024-03-30,Active
D0415,Tuk,Kandy,2024-04-13,Active
D0416,Van,Jaffna,2025-06-13,Active
D0417,Car,Colombo,2024-10-19,Inactive
D0418,Car,Colombo,2025-01-25,Active
D0419,Car,Kandy,2024-03-07,Active
D0420,Car,Colombo,2025-05-31,Active
D0421,Tuk,Galle,2025-01-20,Active
D0422,Car,Colombo,2025-04-06,Active
D0423,Tuk,Galle,2024-06-23,Active
D0424,Tuk,Kandy,2025-04-13,Active
D0425,Tuk,Jaffna,2024-10-13,Active
D0426,Tuk,Jaffna,2024-12-14,Active
D0427,Tuk,Colombo,2024-11-26,Active
D0428,Tuk,Colombo,2024-07-18,Active
D0429,Tuk,Negombo,2025-01-18,Active
D0430,Tuk,Colombo,2024-03-15,Active
D0431,Car,Kandy,2025-03-10,Active
D0432,Car,Colombo,2025-02-27,Inactive
D0433,Car,Kandy,2025-02-24,Active
D0434,Car,Colombo,2024-05-08,Active
D0435,Bike,Jaffna,2025-05-05,Active
D0436,Car,Colombo,2024-07-29,Inactive
D0437,Car,Colombo,2024-11-15,Active
D0438,Car,Colombo,2025-05-26,Active
D0439,Bike,Kandy,2025-04-15,Active
D0440,Car,Matara,2024-09-14,Active
D0441,Car,Colombo,2024-02-07,Active
D0442,Tuk,Colombo,2024-05-22,Inactive
D0443,Tuk,Colombo,2024-10-02,Active
D0444,Tuk,Galle,2024-07-02,Active
D0445,Tuk,Matara,2025-07-05,Active
D0446,Tuk,Colombo,2024-12-12,Active
D0447,Car,Jaffna,2024-11-05,Active
D0448,Car,Colombo,2024-07-10,Active
D0449,Van,Colombo,2024-07-06,Active
D0450,Car,Colombo,2025-03-02,Active
D0451,Car,Negombo,2024-04-14,Active
D0452,Tuk,Jaffna,2024-05-13,Inactive
D0453,Tuk,Colombo,2024-07-19,Active
D0454,Tuk,Matara,2024-10-01,Active
D0455,Car,Colombo,2024-05-28,Active
D0456,Car,Colombo,2024-10-31,Active
D0457,Tuk,Kandy,2024-12-03,Active
D0458,Car,Matara,2024-03-11,Active
D0459,Car,Colombo,2025-07-12,Active
D0460,Tuk,Jaffna,2024-04-27,Active
D0461,Van,Negombo,2024-10-03,Active
D0462,Bike,Colombo,2024-06-30,Inactive
D0463,Bike,Colombo,2024-12-17,Active
D0464,Car,Colombo,2024-11-26,Active
D0465,Van,Galle,2024-04-13,Active
D0466,Tuk,Kandy,2024-11-05,Active
D0467,Bike,Colombo,2024-05-25,Active
D0468,Car,Colombo,2024-05-01,Inactive
D0469,Car,Kandy,2024-04-19,Active
D0470,Car,Galle,2024-05-31,Active
D0471,Bike,Galle,2024-11-11,Active
D0472,Car,Colombo,2024-09-18,Active
D0473,Bike,Colombo,2024-06-17,Active
D0474,Car,Colombo,2025-03-22,Active
D0475,Car,Galle,2024-06-04,Active
D0476,Tuk,Kandy,2024-03-03,Active
D0477,Tuk,Galle,2024-02-20,Active
D0478,Car,Colombo,2024-02-25,Active
D0479,Bike,Kandy,2024-03-11,Active
D0480,Bike,Jaffna,2024-10-07,Active
D0481,Car,Galle,2025-01-28,Active
D0482,Bike,Negombo,2025-07-28,Active
D0483,Car,Colombo,2024-05-31,Active
D0484,Tuk,Colombo,2025-05-07,Active
D0485,Car,Colombo,2024-04-16,Active
D0486,Car,Kandy,2024-11-01,Active
D0487,Car,Colombo,2025-05-27,Active
D0488,Car,Colombo,2024-12-23,Inactive
D0489,Car,Galle,2025-01-29,Active
D0490,Tuk,Kandy,2024-06-22,Active
D0491,Tuk,Colombo,2024-02-09,Active
D0492,Car,Matara,2025-06-17,Active
D0493,Car,Kandy,2024-04-10,Active
D0494,Car,Colombo,2025-05-14,Active
D0495,Car,Matara,2025-04-07,Inactive
D0496,Car,Colombo,2024-03-02,Active
D0497,Car,Kandy,2025-01-23,Active
D0498,Van,Jaffna,2024-03-07,Active
D0499,Car,Colombo,2024-10-19,Active
D0500,Car,Galle,2024-12-11,Active
D0501,Car,Negombo,2025-01-08,Active
D0502,Car,Colombo,2025-04-27,Active
D0503,Car,Colombo,2025-03-12,Active
D0504,Tuk,Colombo,2024-02-08,Active
D0505,Tuk,Colombo,2025-07-27,Active
D0506,Car,Colombo,2025-01-03,Inactive
D0507,Tuk,Colombo,2025-03-01,Active
D0508,Car,Negombo,2025-05-29,Inactive
D0509,Car,Kandy,2025-03-31,Active
D0510,Car,Colombo,2024-09-28,Active
D0511,Bike,Matara,2024-10-09,Active
D0512,Tuk,Galle,2024-10-06,Active
D0513,Bike,Colombo,2024-04-06,Active
D0514,Car,Galle,2024-06-03,Active
D0515,Tuk,Kandy,2024-06-06,Active
D0516,Car,Galle,2025-07-23,Active
D0517,Bike,Colombo,2025-01-29,Active
D0518,Car,Colombo,2024-03-09,Active
D0519,Car,Colombo,2024-05-20,Active
D0520,Car,Colombo,2024-08-06,Active
D0521,Car,Colombo,2025-05-08,Active
D0522,Tuk,Colombo,2024-02-21,Active
D0523,Car,Colombo,2024-05-06,Active
D0524,Tuk,Jaffna,2025-01-22,Inactive
D0525,Tuk,Galle,2024-06-09,Inactive
D0526,Tuk,Colombo,2024-12-13,Active
D0527,Van,Matara,2025-02-18,Inactive
D0528,Car,Matara,2025-05-22,Inactive
D0529,Car,Colombo,2025-03-06,Active
D0530,Car,Kandy,2024-10-01,Active
D0531,Car,Jaffna,2024-07-03,Inactive
D0532,Bike,Colombo,2025-03-27,Active
D0533,Tuk,Colombo,2025-06-27,Active
D0534,Tuk,Colombo,2025-05-19,Active
D0535,Car,Colombo,2024-10-21,Active
D0536,Bike,Matara,2025-05-26,Active
D0537,Car,Jaffna,2025-06-20,Active
D0538,Car,Colombo,2024-10-15,Active
D0539,Van,Jaffna,2024-11-20,Active
D0540,Car,Colombo,2024-11-13,Active
D0541,Tuk,Colombo,2024-06-22,Active
D0542,Tuk,Colombo,2024-11-17,Active
D0543,Van,Colombo,2024-06-25,Active
D0544,Car,Colombo,2024-04-27,Inactive
D0545,Van,Galle,2024-05-13,Active
D0546,Car,Colombo,2024-09-26,Active
D0547,Car,Jaffna,2025-03-26,Active
D0548,Car,Colombo,2024-08-25,Active
D0549,Car,Kandy,2024-06-08,Active
D0550,Van,Negombo,2024-12-05,Active
D0551,Tuk,Colombo,2024-10-19,Active
D0552,Tuk,Kandy,2024-07-28,Active
D0553,Car,Kandy,2024-08-25,Active
D0554,Tuk,Colombo,2024-08-20,Active
D0555,Car,Colombo,2025-06-29,Active
D0556,Car,Galle,2024-07-20,Active
D0557,Tuk,Colombo,2025-04-11,Active
D0558,Tuk,Colombo,2025-06-25,Active
D0559,Car,Galle,2025-05-12,Active
D0560,Tuk,Matara,2024-10-23,Active
D0561,Tuk,Colombo,2024-05-30,Active
D0562,Car,Galle,2024-04-28,Active
D0563,Bike,Matara,2024-09-24,Inactive
D0564,Bike,Colombo,2024-12-20,Active
D0565,Tuk,Kandy,2024-10-17,Active
D0566,Car,Colombo,2024-02-19,Active
D0567,Tuk,Jaffna,2025-05-24,Active
D0568,Car,Colombo,2025-01-31,Active
D0569,Tuk,Colombo,2024-10-08,Active
D0570,Car,Galle,2025-05-01,Active
D0571,Car,Jaffna,2024-05-13,Active
D0572,Van,Colombo,2025-03-03,Active
D0573,Car,Galle,2024-12-31,Active
D0574,Tuk,Matara,2024-03-22,Active
D0575,Tuk,Negombo,2025-02-02,Active
D0576,Car,Galle,2025-06-22,Active
D0577,Car,Matara,2024-10-28,Active
D0578,Tuk,Negombo,2024-09-19,Inactive
D0579,Tuk,Galle,2024-09-17,Active
D0580,Car,Negombo,2024-06-23,Active
D0581,Car,Jaffna,2024-09-04,Active
D0582,Tuk,Kandy,2024-03-19,Active
D0583,Van,Kandy,2024-02-17,Active
D0584,Bike,Colombo,2025-01-10,Active
D0585,Tuk,Colombo,2024-06-17,Active
D0586,Van,Galle,2024-10-26,Active
D0587,Car,Kandy,2025-03-19,Inactive
D0588,Car,Galle,2024-07-26,Active
D0589,Car,Matara,2025-06-17,Active
D0590,Van,Colombo,2024-12-20,Inactive
D0591,Bike,Colombo,2025-02-04,Active
D0592,Car,Kandy,2025-03-17,Active
D0593,Tuk,Colombo,2025-03-16,Active
D0594,Car,Kandy,2024-12-06,Active
D0595,Tuk,Kandy,2024-04-05,Inactive
D0596,Car,Galle,2024-04-03,Active
D0597,Van,Colombo,2025-06-23,Active
D0598,Car,Colombo,2024-10-15,Active
D0599,Tuk,Colombo,2024-04-19,Active
D0600,Car,Galle,2024-05-02,Active
D0601,Car,Colombo,2025-02-01,Active
D0602,Tuk,Kandy,2024-10-31,Active
D0603,Tuk,Colombo,2024-11-03,Active
D0604,Car,Jaffna,2024-03-13,Active
D0605,Tuk,Matara,2024-07-25,Active
D0606,Tuk,Colombo,2025-06-15,Active
D0607,Car,Galle,2025-01-24,Inactive
D0608,Tuk,Colombo,2024-12-24,Active
D0609,Tuk,Galle,2025-07-03,Active
D0610,Car,Colombo,2024-11-11,Active
D0611,Tuk,Kandy,2024-07-23,Active
D0612,Bike,Colombo,2024-11-22,Active
D0613,Bike,Jaffna,2025-05-03,Active
D0614,Car,Colombo,2024-09-03,Active
D0615,Tuk,Negombo,2024-05-01,Active
D0616,Tuk,Colombo,2025-02-20,Active
D0617,Car,Colombo,2024-07-20,Active
D0618,Tuk,Kandy,2025-04-12,Active
D0619,Car,Jaffna,2024-12-17,Active
D0620,Car,Kandy,2024-02-21,Active
D0621,Tuk,Colombo,2024-05-06,Active
D0622,Car,Jaffna,2025-02-06,Active
D0623,Car,Kandy,2024-03-26,Active
D0624,Car,Colombo,2025-04-06,Active
D0625,Car,Kandy,2025-07-09,Inactive
D0626,Tuk,Galle,2024-05-17,Active
D0627,Bike,Galle,2025-07-08,Active
D0628,Car,Galle,2025-01-09,Active
D0629,Tuk,Negombo,2024-02-22,Inactive
D0630,Car,Jaffna,2024-10-14,Active
D0631,Car,Kandy,2025-04-01,Active
D0632,Van,Colombo,2024-10-06,Active
D0633,Tuk,Galle,2024-06-27,Active
D0634,Car,Matara,2024-04-24,Active
D0635,Tuk,Colombo,2025-06-30,Active
D0636,Car,Kandy,2025-04-10,Active
D0637,Bike,Galle,2025-02-11,Active
D0638,Car,Kandy,2024-03-20,Active
D0639,Bike,Negombo,2025-06-16,Active
D0640,Car,Colombo,2025-06-23,Active
D0641,Tuk,Kandy,2024-06-05,Active
D0642,Van,Colombo,2025-01-12,Active
D0643,Car,Negombo,2025-04-06,Active
D0644,Car,Colombo,2025-04-08,Active
D0645,Tuk,Matara,2024-03-05,Active
D0646,Car,Colombo,2024-06-27,Active
D0647,Tuk,Colombo,2024-05-05,Inactive
D0648,Tuk,Colombo,2024-10-05,Active
D0649,Car,Galle,2025-01-08,Active
D0650,Tuk,Colombo,2024-12-02,Inactive
D0651,Car,Colombo,2025-04-27,Active
D0652,Van,Kandy,2024-06-10,Active
D0653,Car,Matara,2025-07-20,Active
D0654,Tuk,Matara,2025-04-01,Active
D0655,Car,Colombo,2024-03-11,Active
D0656,Tuk,Galle,2025-07-17,Active
D0657,Car,Galle,2024-09-04,Active
D0658,Car,Kandy,2024-10-15,Active
D0659,Car,Colombo,2025-06-22,Active
D0660,Tuk,Kandy,2025-04-09,Active
D0661,Car,Galle,2025-05-22,Active
D0662,Car,Colombo,2024-09-04,Active
D0663,Van,Colombo,2024-09-09,Active
D0664,Car,Colombo,2025-06-20,Active
D0665,Tuk,Negombo,2024-03-01,Active
D0666,Car,Jaffna,2024-12-14,Inactive
D0667,Car,Colombo,2024-08-28,Active
D0668,Car,Galle,2025-03-30,Active
D0669,Tuk,Colombo,2025-06-25,Active
D0670,Car,Galle,2024-07-19,Active
D0671,Bike,Colombo,2024-07-18,Inactive
D0672,Van,Colombo,2024-10-06,Inactive
D0673,Car,Negombo,2025-03-15,Active
D0674,Car,Kandy,2025-02-17,Active
D0675,Car,Colombo,2024-12-02,Active
D0676,Tuk,Colombo,2024-09-09,Inactive
D0677,Car,Negombo,2025-05-28,Active
D0678,Van,Colombo,2024-11-22,Active
D0679,Tuk,Galle,2024-10-13,Active
D0680,Van,Colombo,2024-06-14,Active
D0681,Car,Colombo,2025-04-21,Active
D0682,Car,Galle,2024-07-16,Active
D0683,Car,Negombo,2024-10-30,Active
D0684,Tuk,Colombo,2024-06-13,Active
D0685,Tuk,Colombo,2024-07-10,Active
D0686,Bike,Jaffna,2024-11-25,Active
D0687,Tuk,Kandy,2025-06-23,Active
D0688,Car,Galle,2025-02-22,Active
D0689,Car,Colombo,2025-07-06,Active
D0690,Tuk,Colombo,2024-04-20,Active
D0691,Tuk,Colombo,2024-03-13,Active
D0692,Tuk,Kandy,2024-12-16,Inactive
D0693,Car,Colombo,2024-12-25,Active
D0694,Bike,Galle,2025-03-24,Active
D0695,Tuk,Kandy,2024-07-25,Inactive
D0696,Car,Jaffna,2025-01-26,Active
D0697,Car,Negombo,2024-02-09,Active
D0698,Tuk,Negombo,2025-04-11,Active
D0699,Tuk,Kandy,2025-04-06,Inactive
D0700,Car,Colombo,2024-11-28,Active
D0701,Tuk,Colombo,2024-12-06,Inactive
D0702,Car,Kandy,2025-02-27,Active
D0703,Tuk,Galle,2024-11-06,Active
D0704,Car,Colombo,2024-07-08,Active
D0705,Car,Matara,2025-02-10,Active
D0706,Tuk,Colombo,2024-07-19,Active
D0707,Car,Kandy,2025-04-13,Active
D0708,Car,Kandy,2025-02-06,Active
D0709,Tuk,Kandy,2024-07-20,Active
D0710,Van,Kandy,2025-06-28,Active
D0711,Tuk,Colombo,2025-02-15,Active
D0712,Car,Matara,2024-04-19,Active
D0713,Car,Matara,2024-05-11,Active
D0714,Car,Kandy,2024-07-14,Active
D0715,Car,Colombo,2024-11-03,Active
D0716,Car,Colombo,2025-03-05,Active
D0717,Car,Colombo,2025-01-11,Active
D0718,Tuk,Kandy,2024-02-28,Active
D0719,Tuk,Colombo,2024-03-29,Active
D0720,Tuk,Colombo,2025-07-29,Inactive
D0721,Van,Kandy,2024-03-03,Active
D0722,Car,Negombo,2025-07-22,Active
D0723,Van,Colombo,2024-07-09,Active
D0724,Tuk,Kandy,2024-06-02,Active
D0725,Car,Galle,2024-07-05,Inactive
D0726,Van,Matara,2024-04-24,Inactive
D0727,Tuk,Galle,2025-01-28,Active
D0728,Car,Kandy,2024-12-08,Active
D0729,Car,Galle,2024-12-30,Active
D0730,Car,Matara,2024-11-05,Active
D0731,Van,Negombo,2025-03-15,Active
D0732,Car,Colombo,2024-06-07,Active
D0733,Van,Kandy,2024-11-12,Active
D0734,Car,Jaffna,2025-04-20,Active
D0735,Car,Galle,2024-08-01,Active
D0736,Car,Colombo,2024-07-13,Inactive
D0737,Car,Colombo,2025-05-23,Active
D0738,Car,Kandy,2025-01-28,Active
D0739,Tuk,Colombo,2025-07-10,Active
D0740,Car,Colombo,2024-06-11,Active
D0741,Bike,Jaffna,2024-11-09,Active
D0742,Bike,Colombo,2025-04-29,Active
D0743,Car,Kandy,2024-06-15,Inactive
D0744,Tuk,Negombo,2025-05-20,Active
D0745,Bike,Kandy,2024-02-07,Active
D0746,Tuk,Colombo,2024-04-24,Inactive
D0747,Car,Colombo,2024-09-10,Active
D0748,Car,Galle,2024-04-11,Active
D0749,Tuk,Matara,2025-07-04,Active
D0750,Car,Jaffna,2025-07-14,Active
D0751,Car,Kandy,2024-06-23,Active
D0752,Car,Colombo,2025-06-20,Active
D0753,Car,Colombo,2025-01-24,Inactive
D0754,Car,Galle,2024-08-26,Active
D0755,Car,Colombo,2024-03-13,Active
D0756,Car,Negombo,2025-07-07,Active
D0757,Car,Colombo,2025-06-16,Inactive
D0758,Car,Colombo,2024-08-22,Active
D0759,Tuk,Colombo,2024-03-21,Active
D0760,Bike,Colombo,2025-04-26,Active
D0761,Car,Galle,2025-06-26,Active
D0762,Car,Colombo,2024-10-25,Active
D0763,Car,Galle,2024-10-04,Active
D0764,Bike,Kandy,2024-10-21,Active
D0765,Tuk,Colombo,2024-12-16,Inactive
D0766,Car,Colombo,2025-07-29,Active
D0767,Tuk,Negombo,2025-01-18,Active
D0768,Car,Colombo,2024-03-07,Active
D0769,Car,Galle,2025-06-04,Active
D0770,Car,Colombo,2025-01-16,Inactive
D0771,Car,Galle,2025-04-23,Active
D0772,Tuk,Kandy,2025-05-17,Active
D0773,Tuk,Colombo,2024-11-22,Active
D0774,Tuk,Matara,2024-08-31,Active
D0775,Tuk,Colombo,2024-06-16,Active
D0776,Car,Colombo,2025-02-15,Active
D0777,Tuk,Colombo,2024-12-31,Active
D0778,Car,Matara,2025-02-24,Active
D0779,Car,Colombo,2024-11-05,Active
D0780,Tuk,Kandy,2025-06-14,Active
D0781,Van,Kandy,2025-02-27,Active
D0782,Car,Colombo,2024-04-19,Active
D0783,Car,Galle,2025-03-27,Inactive
D0784,Car,Kandy,2025-02-17,Active
D0785,Bike,Kandy,2025-02-13,Active
D0786,Van,Colombo,2024-06-20,Active
D0787,Bike,Negombo,2024-10-02,Inactive
D0788,Car,Colombo,2025-06-10,Active
D0789,Van,Galle,2025-01-26,Active
D0790,Car,Negombo,2024-10-10,Active
D0791,Car,Colombo,2024-11-06,Active
D0792,Tuk,Colombo,2024-07-22,Inactive
D0793,Bike,Colombo,2024-07-30,Inactive
D0794,Tuk,Jaffna,2025-06-12,Active
D0795,Tuk,Galle,2025-02-14,Active
D0796,Bike,Jaffna,2025-06-10,Active
D0797,Tuk,Colombo,2025-02-12,Inactive
D0798,Tuk,Matara,2024-11-06,Active
D0799,Car,Colombo,2025-01-02,Active
D0800,Car,Jaffna,2024-02-20,Active
