campaign_id,campaign_name,channel,start_date,end_date,objective,budget,target_city
CMP001,Back-to-Uni Ride Promo,Facebook Ads,2024-08-10,2024-09-15,Acquisition,1500000,Colombo
CMP002,Weekend Getaway,Google Ads,2024-10-01,2024-11-15,Activation,1200000,Galle
CMP003,Refer & Ride,Referral,2024-09-01,2025-07-31,Acquisition,800000,All
CMP004,Diwali Saver,Promo Partnership,2024-10-20,2024-11-20,Revenue,1000000,Colombo
CMP005,Holiday Travel Boost,Facebook Ads,2024-12-10,2025-01-10,Acquisition,1800000,All
CMP006,New Year Reactivation,Google Ads,2025-01-01,2025-02-15,Reactivation,900000,All
CMP007,Monsoon Safe Rides,Influencer,2025-04-01,2025-05-31,Retention,700000,Kandy
CMP008,Summer Saver,Promo Partnership,2025-06-01,2025-07-31,Revenue,1100000,All
